step,user,action,click,ctr,prob_taken,prob_optimal,regret,policy
1,69,7,0.0,0.0,0.19906261225996838,0.8862969334968673,0.687234321236899,thompson_0.1
2,100,5,0.0,0.0,0.2941590956003425,0.865871881954078,1.2589471075906347,thompson_0.1
3,147,5,1.0,0.3333333333333333,0.7090407990810242,0.8008989762453294,1.3508052847549399,thompson_0.1
4,172,5,0.0,0.25,0.3241385774784178,0.8984529187736415,1.9251196260501637,thompson_0.1
5,68,5,1.0,0.4,0.37903812481519455,0.7259427068948202,2.2720242081297894,thompson_0.1
6,100,5,0.0,0.3333333333333333,0.2860225493974111,0.8853102449552918,2.87131190368767,thompson_0.1
7,101,5,0.0,0.2857142857142857,0.5734244975767688,0.6716114395826143,2.9694988456935154,thompson_0.1
8,13,5,1.0,0.375,0.6721189894651945,0.7598448599037314,3.057224716132052,thompson_0.1
9,18,5,0.0,0.3333333333333333,0.5077596395563289,0.755384367360481,3.304849443936204,thompson_0.1
10,8,5,1.0,0.4,0.3207640482560785,0.8755128926703275,3.859598288350453,thompson_0.1
11,185,5,1.0,0.45454545454545453,0.2879399873989719,0.7840548016612241,4.355713102612705,thompson_0.1
12,175,5,1.0,0.5,0.4739713457495883,0.7694785217722037,4.65122027863532,thompson_0.1
13,55,5,0.0,0.46153846153846156,0.5288006183359939,0.689821180755014,4.81224084105434,thompson_0.1
14,102,5,1.0,0.5,0.3838284166428264,0.868658154187386,5.2970705785989,thompson_0.1
15,154,5,0.0,0.4666666666666667,0.6332843063872364,0.7679392762600233,5.431725548471687,thompson_0.1
16,156,5,1.0,0.5,0.37695095723065664,0.8268764992027499,5.88165109044378,thompson_0.1
17,78,5,1.0,0.5294117647058824,0.8006214978390253,0.9469701389285434,6.027999731533298,thompson_0.1
18,143,5,1.0,0.5555555555555556,0.4110427259539197,0.7876673427804456,6.404624348359824,thompson_0.1
19,106,5,1.0,0.5789473684210527,0.5298320933516241,0.7098217752687556,6.584614030276955,thompson_0.1
20,153,5,0.0,0.55,0.3196235114787072,0.7477629934043626,7.012753512202611,thompson_0.1
21,193,5,1.0,0.5714285714285714,0.5142726762250452,0.8786725353290447,7.37715337130661,thompson_0.1
22,84,5,0.0,0.5454545454545454,0.21224059798177028,0.8753901653467503,8.04030293867159,thompson_0.1
23,154,5,1.0,0.5652173913043478,0.6734870853250735,0.7334448938539999,8.100260747200517,thompson_0.1
24,39,5,0.0,0.5416666666666666,0.14689966502803986,0.8570506119250139,8.81041169409749,thompson_0.1
25,162,5,1.0,0.56,0.7717432389023865,0.846671463639223,8.885339918834328,thompson_0.1
26,100,5,1.0,0.5769230769230769,0.25528781662898065,0.8542765396846883,9.484328641890036,thompson_0.1
27,88,5,1.0,0.5925925925925926,0.6322058750363745,0.7800986464008932,9.632221413254555,thompson_0.1
28,8,5,0.0,0.5714285714285714,0.35198642403774877,0.8452545659811131,10.12548955519792,thompson_0.1
29,14,5,0.0,0.5517241379310345,0.3782225468054329,0.6920768398989239,10.439343848291411,thompson_0.1
30,21,5,1.0,0.5666666666666667,0.6944892869571936,0.8242335981906708,10.569088159524888,thompson_0.1
31,190,5,0.0,0.5483870967741935,0.6217973768683479,0.882786406406738,10.830077189063278,thompson_0.1
32,136,5,1.0,0.5625,0.5544673883850841,0.754319083514756,11.02992888419295,thompson_0.1
33,186,5,0.0,0.5454545454545454,0.5504383849958214,0.8197770777871278,11.299267576984256,thompson_0.1
34,165,5,1.0,0.5588235294117647,0.3366818925076776,0.8715753609723723,11.834161045448951,thompson_0.1
35,71,5,1.0,0.5714285714285714,0.5578097739155521,0.8968867299563222,12.173238001489722,thompson_0.1
36,64,5,1.0,0.5833333333333334,0.4065019505791646,0.8348966424828784,12.601632693393436,thompson_0.1
37,5,5,0.0,0.5675675675675675,0.5580623493114526,0.6107362792905722,12.654306623372555,thompson_0.1
38,192,5,1.0,0.5789473684210527,0.626333240137857,0.8883215682518506,12.916294951486549,thompson_0.1
39,59,5,0.0,0.5641025641025641,0.492219409021029,0.9061443547740969,13.330219897239617,thompson_0.1
40,86,5,1.0,0.575,0.33686683052197536,0.8182210563922205,13.811574123109862,thompson_0.1
41,105,5,0.0,0.5609756097560976,0.13784544582387653,0.9271842543861611,14.600912931672147,thompson_0.1
42,107,5,1.0,0.5714285714285714,0.8558725995137066,0.8594788719108365,14.604519204069277,thompson_0.1
43,196,5,0.0,0.5581395348837209,0.24515571288119312,0.8703129020740568,15.22967639326214,thompson_0.1
44,199,5,1.0,0.5681818181818182,0.3328608481376014,0.7308885797520399,15.62770412487658,thompson_0.1
45,72,5,1.0,0.5777777777777777,0.642346759729677,0.9096965182000982,15.895053883347002,thompson_0.1
46,153,5,0.0,0.5652173913043478,0.3202735918083176,0.7254237794801075,16.30020407101879,thompson_0.1
47,153,5,0.0,0.5531914893617021,0.33171020132135,0.7449953179872341,16.713489187684672,thompson_0.1
48,188,5,1.0,0.5625,0.7341629532883662,0.8157905470348091,16.795116781431116,thompson_0.1
49,179,5,1.0,0.5714285714285714,0.6007319526648888,0.9618050495414506,17.15618987830768,thompson_0.1
50,165,5,0.0,0.56,0.31346515806762354,0.8390501415796462,17.6817748618197,thompson_0.1
51,72,5,1.0,0.5686274509803921,0.6295188806544556,0.8914103714165758,17.943666352581822,thompson_0.1
52,51,5,1.0,0.5769230769230769,0.8237877767608067,0.871063040777013,17.99094161659803,thompson_0.1
53,30,5,1.0,0.5849056603773585,0.7352383438083419,0.8952144175154696,18.150917690305157,thompson_0.1
54,38,5,0.0,0.5740740740740741,0.5319506403805483,0.7988420114041097,18.417809061328718,thompson_0.1
55,123,5,0.0,0.5636363636363636,0.8046012355318789,0.8193804034316342,18.43258822922847,thompson_0.1
56,22,5,0.0,0.5535714285714286,0.35324126983620924,0.8550149276575092,18.93436188704977,thompson_0.1
57,185,5,1.0,0.5614035087719298,0.29580921980417296,0.8042505967145167,19.442803263960116,thompson_0.1
58,180,5,0.0,0.5517241379310345,0.8840274769370706,0.8978030117531406,19.456578798776185,thompson_0.1
59,75,5,1.0,0.559322033898305,0.32294225944434346,0.7943394943830892,19.92797603371493,thompson_0.1
60,137,5,0.0,0.55,0.19722447035744206,0.7823282592584513,20.51307982261594,thompson_0.1
61,74,5,0.0,0.5409836065573771,0.41025721890647543,0.9309700266994559,21.033792630408918,thompson_0.1
62,81,5,0.0,0.532258064516129,0.10828548107084074,0.8905025223087109,21.81600967164679,thompson_0.1
63,96,5,0.0,0.5238095238095238,0.4426122056931081,0.8632774186255572,22.236674884579237,thompson_0.1
64,0,5,1.0,0.53125,0.5086031275494624,0.8200613135978219,22.548133070627596,thompson_0.1
65,176,5,1.0,0.5384615384615384,0.7479122855555612,0.9397396137372712,22.739960398809306,thompson_0.1
66,91,5,1.0,0.5454545454545454,0.48411519916394746,0.7492957491883631,23.00514094883372,thompson_0.1
67,101,5,1.0,0.5522388059701493,0.5493670653984871,0.7157776888451773,23.17155157228041,thompson_0.1
68,63,5,1.0,0.5588235294117647,0.43447760709273625,0.9043929330069034,23.64146689819458,thompson_0.1
69,193,5,1.0,0.5652173913043478,0.5137769192539648,0.8746081546719614,24.002298133612577,thompson_0.1
70,161,5,1.0,0.5714285714285714,0.34802689672619785,0.8988073476289667,24.553078584515347,thompson_0.1
71,123,5,0.0,0.5633802816901409,0.8315714203947591,0.8253834926408075,24.546890656761395,thompson_0.1
72,70,5,0.0,0.5555555555555556,0.345635095858229,0.7889783784052379,24.990233939308403,thompson_0.1
73,17,5,0.0,0.547945205479452,0.2883871256597717,0.8591897730187118,25.561036586667342,thompson_0.1
74,59,5,0.0,0.5405405405405406,0.5126018061840072,0.9038527390945449,25.95228751957788,thompson_0.1
75,114,5,0.0,0.5333333333333333,0.1295821506536744,0.88682167600514,26.709527044929345,thompson_0.1
76,186,5,1.0,0.5394736842105263,0.5459004662142127,0.8165172326120805,26.980143811327213,thompson_0.1
77,136,5,0.0,0.5324675324675324,0.555239388421822,0.7567804501849613,27.181684873090354,thompson_0.1
78,153,5,0.0,0.5256410256410257,0.3315645876080703,0.747096260240716,27.597216545723,thompson_0.1
79,26,5,0.0,0.5189873417721519,0.4394633923263992,0.8328948756542405,27.990648029050842,thompson_0.1
80,80,5,0.0,0.5125,0.25874275267167846,0.7544269225047348,28.486332198883897,thompson_0.1
81,84,5,0.0,0.5061728395061729,0.21479592924219568,0.8926679243198655,29.164204193961567,thompson_0.1
82,35,5,0.0,0.5,0.38260319862980924,0.7514050253458279,29.533006020677586,thompson_0.1
83,15,5,1.0,0.5060240963855421,0.4449028713666337,0.8159413052314531,29.904044454542404,thompson_0.1
84,108,5,0.0,0.5,0.7673474739695394,0.8588328639426476,29.995529844515513,thompson_0.1
85,196,5,0.0,0.49411764705882355,0.25899564173534606,0.8686342009743871,30.605168403754554,thompson_0.1
86,177,5,0.0,0.4883720930232558,0.2811113183208824,0.8599576806318228,31.184014766065495,thompson_0.1
87,57,5,0.0,0.4827586206896552,0.16511205709665963,0.9416522450424212,31.960554954011258,thompson_0.1
88,124,5,1.0,0.48863636363636365,0.41092913002880294,0.7835501590216306,32.33317598300408,thompson_0.1
89,41,5,0.0,0.48314606741573035,0.3435809729210128,0.7290063528926334,32.718601362975704,thompson_0.1
90,86,5,0.0,0.4777777777777778,0.3360174967665191,0.8154879130360875,33.198071779245275,thompson_0.1
91,182,5,0.0,0.4725274725274725,0.08643574645178496,0.868156809198876,33.979792841992364,thompson_0.1
92,127,5,0.0,0.4673913043478261,0.6107800652608242,0.6588731688260427,34.027885945557586,thompson_0.1
93,92,5,1.0,0.4731182795698925,0.37678239993162677,0.9672760572354556,34.61837960286142,thompson_0.1
94,138,5,1.0,0.4787234042553192,0.6563726089736055,0.8308350139823819,34.79284200787019,thompson_0.1
95,167,5,0.0,0.47368421052631576,0.12323951920468343,0.8859891460569171,35.555591634722425,thompson_0.1
96,187,5,0.0,0.46875,0.29362484800760486,0.7815225862240686,36.043489372938886,thompson_0.1
97,173,5,0.0,0.4639175257731959,0.5025896794102284,0.9089166627777309,36.449816356306386,thompson_0.1
98,113,5,1.0,0.46938775510204084,0.6308267503452403,0.8823736240234497,36.701363229984594,thompson_0.1
99,131,5,0.0,0.46464646464646464,0.8595426083755974,0.8699233523622544,36.71174397397125,thompson_0.1
100,103,5,0.0,0.46,0.6812075869670744,0.9336150556326531,36.96415144263683,thompson_0.1
101,128,5,1.0,0.46534653465346537,0.9092843384304319,0.9293620851141275,36.98422918932053,thompson_0.1
102,62,5,1.0,0.47058823529411764,0.7142034166458123,0.9213965647885397,37.19142233746326,thompson_0.1
103,161,5,0.0,0.46601941747572817,0.34099695684382897,0.9012233246457497,37.75164870526518,thompson_0.1
104,183,5,0.0,0.46153846153846156,0.7565224654508491,0.8947069803070014,37.88983322012133,thompson_0.1
105,118,5,0.0,0.45714285714285713,0.2556885614783184,0.9720784974700744,38.60622315611309,thompson_0.1
106,194,5,1.0,0.46226415094339623,0.8010964581822403,0.8082661040203047,38.61339280195115,thompson_0.1
107,167,5,0.0,0.45794392523364486,0.13250882075324708,0.8748309296570502,39.35571491085496,thompson_0.1
108,25,5,1.0,0.46296296296296297,0.6628273634464981,0.8785179408421853,39.57140548825065,thompson_0.1
109,164,5,1.0,0.46788990825688076,0.6994012069197809,0.8369517793319324,39.7089560606628,thompson_0.1
110,111,5,1.0,0.4727272727272727,0.8575262426616744,0.9127687816744652,39.76419859967559,thompson_0.1
111,199,5,0.0,0.46846846846846846,0.33968565775438897,0.7445584761445563,40.169071418065755,thompson_0.1
112,63,5,0.0,0.4642857142857143,0.43066022399533455,0.9075289109444019,40.64594010501482,thompson_0.1
113,80,5,0.0,0.46017699115044247,0.24571840266562667,0.7414971596971779,41.141718862046375,thompson_0.1
114,25,5,1.0,0.4649122807017544,0.679491822571542,0.8822002060572574,41.34442724553209,thompson_0.1
115,85,5,1.0,0.46956521739130436,0.3599739446392013,0.7974476381425064,41.781900939035395,thompson_0.1
116,61,5,0.0,0.46551724137931033,0.565333091159831,0.7018816898441947,41.91844953771976,thompson_0.1
117,23,5,1.0,0.4700854700854701,0.5373397520777443,0.9354693217482464,42.31657910739026,thompson_0.1
118,64,5,1.0,0.4745762711864407,0.40523703590543814,0.8529457883759912,42.764287859860815,thompson_0.1
119,42,5,1.0,0.4789915966386555,0.6667548766512824,0.9141961004989899,43.01172908370852,thompson_0.1
120,191,5,1.0,0.48333333333333334,0.45713197559603325,0.723938426381254,43.27853553449374,thompson_0.1
121,35,5,0.0,0.4793388429752066,0.3553439201500379,0.7012724958182421,43.624464110161945,thompson_0.1
122,181,5,1.0,0.48360655737704916,0.5612731937844514,0.6667425912182662,43.72993350759576,thompson_0.1
123,73,5,1.0,0.4878048780487805,0.6496395230907286,0.8723636279664913,43.952657612471526,thompson_0.1
124,117,5,1.0,0.49193548387096775,0.6076391500310754,0.7946341033502445,44.1396525657907,thompson_0.1
125,94,5,0.0,0.488,0.5643294858010345,0.8780497900127674,44.45337287000243,thompson_0.1
126,115,5,0.0,0.48412698412698413,0.5421535627400846,0.8024594658392992,44.71367877310165,thompson_0.1
127,123,5,1.0,0.4881889763779528,0.8180376312973993,0.8342321365997715,44.72987327840402,thompson_0.1
128,159,5,0.0,0.484375,0.6854183136013573,0.815302585784278,44.85975755058694,thompson_0.1
129,76,5,1.0,0.4883720930232558,0.8528207406492663,0.8774253332830526,44.88436214322073,thompson_0.1
130,173,5,1.0,0.49230769230769234,0.5253444854678104,0.889801227753876,45.24881888550679,thompson_0.1
131,63,5,1.0,0.4961832061068702,0.42671706946131555,0.9237238195805589,45.74582563562603,thompson_0.1
132,128,5,1.0,0.5,0.9165011357871934,0.9350941861606503,45.76441868599949,thompson_0.1
133,136,5,1.0,0.5037593984962406,0.5566195077533267,0.7498977574190512,45.95769693566521,thompson_0.1
134,57,5,0.0,0.5,0.15359181276998748,0.9491241176182202,46.75322924051344,thompson_0.1
135,199,5,0.0,0.4962962962962963,0.30505685110134956,0.7421061284986489,47.19027851791074,thompson_0.1
136,47,5,0.0,0.49264705882352944,0.14574063809934604,0.9078669020719183,47.95240478188332,thompson_0.1
137,85,5,1.0,0.49635036496350365,0.35889973753607357,0.7474294337650355,48.34093447811228,thompson_0.1
138,185,5,0.0,0.4927536231884058,0.27078619430253964,0.8173096392834385,48.88745792309318,thompson_0.1
139,14,5,0.0,0.4892086330935252,0.4055420424968193,0.6990780958667554,49.180993976463114,thompson_0.1
140,27,5,1.0,0.4928571428571429,0.3769566651287893,0.8217425627617427,49.62577987409607,thompson_0.1
141,67,5,1.0,0.49645390070921985,0.9220656707922751,0.929393624929279,49.63310782823307,thompson_0.1
142,19,5,0.0,0.49295774647887325,0.6617846186633104,0.9080459971111668,49.87936920668093,thompson_0.1
143,93,5,0.0,0.48951048951048953,0.24176433837291542,0.6368355739142613,50.27444044222227,thompson_0.1
144,127,5,1.0,0.4930555555555556,0.5870490848812807,0.5702586448967905,50.25765000223778,thompson_0.1
145,73,5,1.0,0.496551724137931,0.6367871539298608,0.8820335023752822,50.5028963506832,thompson_0.1
146,171,5,1.0,0.5,0.6600631628848607,0.8260398390589477,50.66887302685729,thompson_0.1
147,198,5,0.0,0.4965986394557823,0.8377560233049401,0.933727533366986,50.764844536919334,thompson_0.1
148,151,5,0.0,0.49324324324324326,0.13106344239855847,0.9215221337545308,51.55530322827531,thompson_0.1
149,38,5,0.0,0.4899328859060403,0.5483283079660518,0.8221561541949075,51.82913107450416,thompson_0.1
150,127,5,1.0,0.49333333333333335,0.5548015291118589,0.5718028055086518,51.84613235090095,thompson_0.1
151,62,5,1.0,0.4966887417218543,0.6406863411529637,0.9274904961100204,52.132936505858005,thompson_0.1
152,21,5,1.0,0.5,0.6805858219953795,0.8078737460632907,52.26022442992592,thompson_0.1
153,125,5,0.0,0.49673202614379086,0.5514140838691929,0.6906799490774059,52.399490295134136,thompson_0.1
154,55,5,1.0,0.5,0.5577065796015097,0.6868693683802951,52.52865308391292,thompson_0.1
155,187,5,0.0,0.4967741935483871,0.3452115670299773,0.7954009585182875,52.97884247540123,thompson_0.1
156,42,5,1.0,0.5,0.6858295668979,0.8996254328429395,53.19263834134627,thompson_0.1
157,22,5,0.0,0.4968152866242038,0.3248936568192074,0.8235101738690219,53.69125485839608,thompson_0.1
158,111,5,1.0,0.5,0.8562348131799328,0.9151567022778129,53.75017674749396,thompson_0.1
159,50,5,0.0,0.4968553459119497,0.38883840331113284,0.7053143009610833,54.06665264514391,thompson_0.1
160,11,5,0.0,0.49375,0.27259188480670693,0.7790079347846679,54.57306869512187,thompson_0.1
161,20,5,0.0,0.4906832298136646,0.1733708019779199,0.8204532427880562,55.22015113593201,thompson_0.1
162,147,5,1.0,0.49382716049382713,0.7240627944397604,0.8171672896892972,55.31325563118154,thompson_0.1
163,23,5,1.0,0.49693251533742333,0.5385865741943328,0.9448694868821762,55.71953854386938,thompson_0.1
164,36,5,0.0,0.49390243902439024,0.41308889579054897,0.8594671877271186,56.16591683580595,thompson_0.1
165,108,5,0.0,0.4909090909090909,0.7484776925938024,0.8676222625496174,56.285061405761766,thompson_0.1
166,179,5,1.0,0.4939759036144578,0.6397788680681394,0.9653743452181267,56.610656882911755,thompson_0.1
167,169,5,0.0,0.49101796407185627,0.358772243087945,0.6860512261056259,56.93793586592943,thompson_0.1
168,128,5,1.0,0.49404761904761907,0.9038186615604695,0.9211537796686065,56.95527098403757,thompson_0.1
169,103,5,0.0,0.4911242603550296,0.6754852021666585,0.9265225958307695,57.20630837770168,thompson_0.1
170,38,5,1.0,0.49411764705882355,0.5428128842332959,0.766367758785388,57.429863252253774,thompson_0.1
171,75,5,0.0,0.49122807017543857,0.2925856656257279,0.7262414569978806,57.86351904362593,thompson_0.1
172,20,5,0.0,0.4883720930232558,0.16995729657995215,0.8614988988029697,58.55506064584895,thompson_0.1
173,22,5,0.0,0.48554913294797686,0.311063136628184,0.8199530454723334,59.06395055469309,thompson_0.1
174,135,5,0.0,0.4827586206896552,0.33348076298850265,0.8176422641849117,59.548112055889504,thompson_0.1
175,147,5,1.0,0.4857142857142857,0.7266056447025281,0.8019231816274297,59.623429592814404,thompson_0.1
176,71,5,1.0,0.48863636363636365,0.5606790175627189,0.8900784510719861,59.95282902632367,thompson_0.1
177,73,5,1.0,0.4915254237288136,0.6676637571919642,0.8777635324625851,60.16292880159429,thompson_0.1
178,16,5,0.0,0.4887640449438202,0.37335547476986747,0.8708737041406276,60.66044703096505,thompson_0.1
179,156,5,0.0,0.4860335195530726,0.35213620334901324,0.849203508007193,61.15751433562323,thompson_0.1
180,139,5,1.0,0.4888888888888889,0.37310031944655736,0.7604013197333037,61.54481533590998,thompson_0.1
181,56,5,0.0,0.4861878453038674,0.23605961748932566,0.8924683831214778,62.20122410154213,thompson_0.1
182,22,5,0.0,0.4835164835164835,0.3455860207074116,0.8236568452853756,62.67929492612009,thompson_0.1
183,169,5,0.0,0.4808743169398907,0.36698368250420044,0.677679664465184,62.989990908081076,thompson_0.1
184,63,5,1.0,0.483695652173913,0.4977451390626007,0.9088994880375214,63.401145257055994,thompson_0.1
185,71,5,0.0,0.4810810810810811,0.5281096941132487,0.8857444748253261,63.75878003776807,thompson_0.1
186,143,5,0.0,0.478494623655914,0.3394534487300278,0.7549613227929335,64.17428791183097,thompson_0.1
187,24,5,0.0,0.47593582887700536,0.6617629540280694,0.8165955193237234,64.32912047712662,thompson_0.1
188,183,5,1.0,0.4787234042553192,0.7579917826092342,0.9154973814322793,64.48662607594967,thompson_0.1
189,184,5,0.0,0.47619047619047616,0.348681788058973,0.972276874307441,65.11022116219814,thompson_0.1
190,84,5,0.0,0.47368421052631576,0.18183964530822103,0.8834832789786138,65.81186479586853,thompson_0.1
191,129,5,1.0,0.47643979057591623,0.5999455740412724,0.6750857880648122,65.88700500989206,thompson_0.1
192,74,5,0.0,0.4739583333333333,0.33751628292698516,0.9433631894309868,66.49285191639606,thompson_0.1
193,26,5,0.0,0.47150259067357514,0.47273907231022677,0.8444505513173198,66.86456339540315,thompson_0.1
194,23,5,1.0,0.4742268041237113,0.5317739499976795,0.9424002596102004,67.27518970501568,thompson_0.1
195,138,5,1.0,0.47692307692307695,0.6778417715551849,0.8433978315171498,67.44074576497765,thompson_0.1
196,36,5,1.0,0.47959183673469385,0.45711936814244364,0.8832628621140716,67.86688925894927,thompson_0.1
197,127,5,0.0,0.47715736040609136,0.5689055279351682,0.6069258578222572,67.90490958883636,thompson_0.1
198,79,5,1.0,0.4797979797979798,0.576042183519213,0.7651881157456344,68.09405552106278,thompson_0.1
199,124,5,1.0,0.4824120603015075,0.4159428036441931,0.717503887487678,68.39561660490627,thompson_0.1
200,101,5,1.0,0.485,0.5187647884615774,0.6895107070150475,68.56636252345973,thompson_0.1
201,142,5,0.0,0.48258706467661694,0.2957353355952394,0.8801245680061649,69.15075175587066,thompson_0.1
202,54,5,0.0,0.4801980198019802,0.3342711141070592,0.8335732393712081,69.65005388113481,thompson_0.1
203,110,5,1.0,0.4827586206896552,0.7349559049341184,0.8233406426073154,69.738438618808,thompson_0.1
204,17,5,0.0,0.4803921568627451,0.32602139193844093,0.8762589514316949,70.28867617830126,thompson_0.1
205,141,5,1.0,0.48292682926829267,0.7604693077080102,0.8836069364275961,70.41181380702085,thompson_0.1
206,87,5,1.0,0.4854368932038835,0.7446081327318022,0.848783681737018,70.51598935602607,thompson_0.1
207,7,5,0.0,0.4830917874396135,0.8870655667203499,0.8842189761259509,70.51314276543167,thompson_0.1
208,92,5,0.0,0.4807692307692308,0.3791118411842078,0.9713436303409109,71.10537455458837,thompson_0.1
209,89,5,1.0,0.48325358851674644,0.656203890409361,0.8290264442751151,71.27819710845412,thompson_0.1
210,47,5,0.0,0.48095238095238096,0.15370660444208667,0.9006657084764036,72.02515621248844,thompson_0.1
211,132,5,1.0,0.4834123222748815,0.6524315193583373,0.7398355685536366,72.11256026168374,thompson_0.1
212,0,5,1.0,0.4858490566037736,0.5715679146312146,0.8103888924392872,72.35138123949181,thompson_0.1
213,46,5,1.0,0.48826291079812206,0.6610413345262014,0.7217137434708946,72.41205364843651,thompson_0.1
214,132,5,0.0,0.48598130841121495,0.6421094919444138,0.7671052033590281,72.53704935985112,thompson_0.1
215,79,5,1.0,0.4883720930232558,0.5607829874052772,0.7806071580083125,72.75687353045416,thompson_0.1
216,30,5,0.0,0.4861111111111111,0.7031244639761751,0.8958830329538076,72.9496320994318,thompson_0.1
217,146,5,1.0,0.48847926267281105,0.5356082661540894,0.8486552241971437,73.26267905747486,thompson_0.1
218,0,5,0.0,0.48623853211009177,0.5123374516994129,0.8214577834091348,73.57179938918458,thompson_0.1
219,155,5,0.0,0.4840182648401826,0.05452391979557415,0.9262469287589818,74.44352239814799,thompson_0.1
220,105,5,0.0,0.4818181818181818,0.12812901253154726,0.9297978527680473,75.24519123838449,thompson_0.1
221,180,5,0.0,0.4796380090497738,0.8860438701940296,0.8808560446160443,75.2400034128065,thompson_0.1
222,82,5,1.0,0.481981981981982,0.5188099456401521,0.7839319172312837,75.50512538439763,thompson_0.1
223,89,5,0.0,0.4798206278026906,0.6905663918872209,0.8287921633198548,75.64335115583026,thompson_0.1
224,149,5,1.0,0.48214285714285715,0.36385283363257304,0.8488237637801889,76.12832208597787,thompson_0.1
225,0,5,1.0,0.48444444444444446,0.5177543432914289,0.8196497913022989,76.43021753398874,thompson_0.1
226,180,5,1.0,0.48672566371681414,0.8906919612955008,0.8826032324545127,76.42212880514775,thompson_0.1
227,135,5,0.0,0.4845814977973568,0.29392470642582974,0.8287186615239843,76.9569227602459,thompson_0.1
228,58,5,1.0,0.4868421052631579,0.5914103259329613,0.8794666019643487,77.24497903627729,thompson_0.1
229,14,5,1.0,0.4890829694323144,0.4512303432171037,0.6542210181528451,77.44796971121303,thompson_0.1
230,58,5,0.0,0.48695652173913045,0.5995287441454558,0.8799908444857646,77.72843181155335,thompson_0.1
231,67,5,1.0,0.48917748917748916,0.917535364193874,0.928604218871766,77.73950066623124,thompson_0.1
232,148,5,0.0,0.4870689655172414,0.5436800560721564,0.8218560185761571,78.01767662873523,thompson_0.1
233,144,5,0.0,0.48497854077253216,0.24855715098442022,0.9161608036675889,78.6852802814184,thompson_0.1
234,157,5,0.0,0.4829059829059829,0.09662056728955176,0.7445913639182609,79.33325107804711,thompson_0.1
235,45,5,0.0,0.4808510638297872,0.28520762360088026,0.8708229089907171,79.91886636343695,thompson_0.1
236,24,5,1.0,0.4830508474576271,0.6972176774163177,0.7827244236627019,80.00437310968333,thompson_0.1
237,39,5,0.0,0.4810126582278481,0.15367819848007616,0.8587001162250524,80.7093950274283,thompson_0.1
238,92,5,0.0,0.4789915966386555,0.3567728579836371,0.9628874155276977,81.31550958497236,thompson_0.1
239,27,5,1.0,0.4811715481171548,0.40087444252147264,0.826841773687842,81.74147691613874,thompson_0.1
240,92,5,1.0,0.48333333333333334,0.384785239615785,0.9545548185214072,82.31124649504436,thompson_0.1
241,190,5,1.0,0.4854771784232365,0.5817442322846786,0.8677810943871165,82.5972833571468,thompson_0.1
242,143,5,0.0,0.4834710743801653,0.3488048595331474,0.7895133921595325,83.03799188977318,thompson_0.1
243,48,5,1.0,0.48559670781893005,0.5814850570215879,0.8925043506418748,83.34901118339347,thompson_0.1
244,189,5,0.0,0.48360655737704916,0.553788326949492,0.9694089268740623,83.76463178331804,thompson_0.1
245,124,5,1.0,0.4857142857142857,0.3708832539156864,0.7699382679596033,84.16368679736196,thompson_0.1
246,114,5,0.0,0.483739837398374,0.1266502308573166,0.8830378062920266,84.92007437279668,thompson_0.1
247,194,5,1.0,0.48582995951417,0.7896134135774123,0.8215401365065771,84.95200109572585,thompson_0.1
248,22,5,0.0,0.4838709677419355,0.3433765863862493,0.8309980422306749,85.43962255157027,thompson_0.1
249,73,5,1.0,0.4859437751004016,0.7022631678163823,0.8852907393532364,85.62265012310712,thompson_0.1
250,96,5,1.0,0.488,0.4287705850422995,0.8595499529649294,86.05342949102975,thompson_0.1
251,179,5,0.0,0.4860557768924303,0.6627461472590974,0.9613142931406637,86.3519976369113,thompson_0.1
252,57,5,1.0,0.4880952380952381,0.16808149911926956,0.9344845142930094,87.11840065208504,thompson_0.1
253,115,5,0.0,0.48616600790513836,0.5294520384880227,0.7858024172280055,87.37475103082502,thompson_0.1
254,70,5,0.0,0.484251968503937,0.3409772141378409,0.7827045055002243,87.81647832218741,thompson_0.1
255,85,5,0.0,0.4823529411764706,0.34919988380258066,0.7532780639609612,88.22055650234579,thompson_0.1
256,94,5,1.0,0.484375,0.5738557579195103,0.8498082757067924,88.49650902013308,thompson_0.1
257,165,5,1.0,0.48638132295719844,0.3334306237874029,0.8488370955288379,89.0119154918745,thompson_0.1
258,189,5,1.0,0.4883720930232558,0.5461557434404049,0.9635687680617128,89.42932851649581,thompson_0.1
259,94,5,1.0,0.49034749034749037,0.615040191289685,0.8420311169339378,89.65631944214007,thompson_0.1
260,95,5,0.0,0.48846153846153845,0.2334645077038706,0.8219049753042487,90.24475990974045,thompson_0.1
261,50,5,0.0,0.48659003831417624,0.363316733803631,0.7001856531178028,90.58162882905462,thompson_0.1
262,180,5,1.0,0.48854961832061067,0.8735063094414907,0.8807290934746685,90.5888516130878,thompson_0.1
263,190,5,0.0,0.4866920152091255,0.5917358724504196,0.88014322304395,90.87725896368133,thompson_0.1
264,102,5,0.0,0.48484848484848486,0.3156819107386145,0.8622464578677338,91.42382351081045,thompson_0.1
265,24,5,1.0,0.4867924528301887,0.6682468917224843,0.8048639203586836,91.56044053944665,thompson_0.1
266,170,5,1.0,0.48872180451127817,0.9051518035925097,0.9055734415182563,91.56086217737239,thompson_0.1
267,2,5,0.0,0.4868913857677903,0.23614576581298685,0.7381304114228574,92.06284682298225,thompson_0.1
268,120,5,0.0,0.48507462686567165,0.4347806591545907,0.8690501640422678,92.49711632786993,thompson_0.1
269,124,5,0.0,0.483271375464684,0.3720584238175999,0.7390835288273522,92.86414143287969,thompson_0.1
270,114,5,0.0,0.48148148148148145,0.11598932219057309,0.8626532302042329,93.61080534089335,thompson_0.1
271,135,5,0.0,0.4797047970479705,0.24457852780753928,0.8271934159638241,94.19342022904964,thompson_0.1
272,167,5,0.0,0.47794117647058826,0.12256863563353282,0.8917996390256364,94.96265123244174,thompson_0.1
273,164,5,1.0,0.47985347985347987,0.6918612101323731,0.8285896438141711,95.09937966612354,thompson_0.1
274,115,5,1.0,0.48175182481751827,0.5336583784976715,0.8057357755496549,95.37145706317553,thompson_0.1
275,159,5,0.0,0.48,0.7200879105432778,0.7946933651739967,95.44606251780624,thompson_0.1
276,92,5,1.0,0.48188405797101447,0.38575285640000134,0.9645575660609381,96.02486722746718,thompson_0.1
277,112,5,1.0,0.48375451263537905,0.4792831503983839,0.8638149408918363,96.40939901796064,thompson_0.1
278,196,5,0.0,0.48201438848920863,0.2472954883535372,0.8527409845769466,97.01484451418405,thompson_0.1
279,174,5,1.0,0.4838709677419355,0.7485148439987913,0.9206100305045832,97.18693970068983,thompson_0.1
280,22,5,1.0,0.4857142857142857,0.38092706982869656,0.8238544463449535,97.62986707720609,thompson_0.1
281,51,5,0.0,0.48398576512455516,0.8107386435070979,0.8521065271274143,97.6712349608264,thompson_0.1
282,27,5,0.0,0.48226950354609927,0.39244152743992544,0.8205238380648173,98.09931727145128,thompson_0.1
283,137,5,1.0,0.4840989399293286,0.20985070761217234,0.8047507695051098,98.69421733334423,thompson_0.1
284,20,5,0.0,0.4823943661971831,0.16546673032224163,0.8214474834557133,99.3501980864777,thompson_0.1
285,74,5,0.0,0.4807017543859649,0.35431601801666335,0.9391721302529643,99.935054198714,thompson_0.1
286,111,5,1.0,0.4825174825174825,0.8694053382794317,0.9138971414724845,99.97954600190705,thompson_0.1
287,74,5,0.0,0.4808362369337979,0.3539386562628033,0.935693948197345,100.5613012938416,thompson_0.1
288,112,5,1.0,0.4826388888888889,0.4562997119694404,0.8583582459886028,100.96335982786076,thompson_0.1
289,164,5,1.0,0.4844290657439446,0.7026865522927159,0.8361419961925481,101.09681527176059,thompson_0.1
290,159,5,0.0,0.4827586206896552,0.6806054763870706,0.8179949320306735,101.23420472740419,thompson_0.1
291,133,5,1.0,0.4845360824742268,0.5515892088632451,0.8547722793272878,101.53738779786823,thompson_0.1
292,172,5,0.0,0.4828767123287671,0.30248129663355244,0.9114882516768209,102.1463947529115,thompson_0.1
293,83,5,0.0,0.4812286689419795,0.7890799367897299,0.8841602391095796,102.24147505523135,thompson_0.1
294,132,5,1.0,0.48299319727891155,0.6183305008882295,0.7702975974385027,102.39344215178163,thompson_0.1
295,181,5,1.0,0.4847457627118644,0.5515594413000129,0.6714268945464552,102.51330960502807,thompson_0.1
296,21,5,1.0,0.4864864864864865,0.7006177514400364,0.8259241220695277,102.63861597565756,thompson_0.1
297,163,5,1.0,0.4882154882154882,0.8882710812846764,0.9433591254509741,102.69370401982385,thompson_0.1
298,137,5,0.0,0.4865771812080537,0.20915373532114914,0.7450113473220822,103.2295616318248,thompson_0.1
299,124,5,0.0,0.48494983277591974,0.38994492010711784,0.7446492711094851,103.58426598282716,thompson_0.1
300,62,5,0.0,0.48333333333333334,0.6632340636468788,0.9302059119393928,103.85123783111968,thompson_0.1
301,115,5,0.0,0.48172757475083056,0.48438763297689386,0.8236655754853849,104.19051577362816,thompson_0.1
302,118,5,0.0,0.48013245033112584,0.2889954506971003,0.9782744283009489,104.87979475123201,thompson_0.1
303,119,5,1.0,0.48184818481848185,0.6822716218790443,0.8965663158607027,105.09408944521367,thompson_0.1
304,156,5,1.0,0.48355263157894735,0.4312224173983641,0.8319616153204187,105.49482864313572,thompson_0.1
305,170,5,1.0,0.4852459016393443,0.8996744607597451,0.909975821193859,105.50513000356983,thompson_0.1
306,196,5,0.0,0.48366013071895425,0.2407668260546138,0.8634987065025115,106.12786188401773,thompson_0.1
307,181,5,0.0,0.4820846905537459,0.5859733837478563,0.6615551400756114,106.20344364034548,thompson_0.1
308,108,5,1.0,0.4837662337662338,0.740611283008426,0.8826132859581335,106.3454456432952,thompson_0.1
309,91,5,0.0,0.48220064724919093,0.4747611899167262,0.7613472466949409,106.63203170007341,thompson_0.1
310,192,5,1.0,0.4838709677419355,0.643693933902158,0.8561186765932817,106.84445644276454,thompson_0.1
311,100,5,1.0,0.4855305466237942,0.285129072556649,0.8804600960879764,107.43978746629587,thompson_0.1
312,87,5,1.0,0.48717948717948717,0.7291543692491894,0.8474914568298144,107.5581245538765,thompson_0.1
313,17,5,1.0,0.48881789137380194,0.30943280370392656,0.8290057828958056,108.07769753306837,thompson_0.1
314,63,5,0.0,0.4872611464968153,0.40714732056538666,0.9110259453634271,108.58157615786641,thompson_0.1
315,82,5,1.0,0.4888888888888889,0.5033998117375469,0.7914879472651698,108.86966429339402,thompson_0.1
316,174,5,0.0,0.4873417721518987,0.7444143278272284,0.9207484638387367,109.04599842940553,thompson_0.1
317,69,5,0.0,0.48580441640378547,0.5773417984573305,0.8969657369471911,109.36562236789538,thompson_0.1
318,61,5,0.0,0.48427672955974843,0.5396050018165525,0.6872830286215575,109.5133003947004,thompson_0.1
319,11,5,0.0,0.4827586206896552,0.31888636836447,0.8182783672579821,110.01269239359391,thompson_0.1
320,192,5,1.0,0.484375,0.6146345049766659,0.8739495312610057,110.27200741987825,thompson_0.1
321,171,5,0.0,0.48286604361370716,0.695633146568833,0.8141679596213274,110.39054223293074,thompson_0.1
322,111,5,0.0,0.4813664596273292,0.8792592776202912,0.9262118752764142,110.43749483058687,thompson_0.1
323,33,5,1.0,0.48297213622291024,0.5159562987073621,0.6441532775333846,110.5656918094129,thompson_0.1
324,139,5,0.0,0.48148148148148145,0.3905046888583334,0.7503811841105505,110.92556830466512,thompson_0.1
325,98,5,1.0,0.48307692307692307,0.5171223693881335,0.7701300233454021,111.17857595862239,thompson_0.1
326,10,5,0.0,0.4815950920245399,0.6147267421193794,0.7629102975671429,111.32675951407015,thompson_0.1
327,167,5,0.0,0.4801223241590214,0.1521195996416643,0.8811299562760644,112.05576987070455,thompson_0.1
328,154,5,1.0,0.4817073170731707,0.6403135284946759,0.7717018760307177,112.1871582182406,thompson_0.1
329,65,5,0.0,0.48024316109422494,0.19489534959962657,0.8306626458050235,112.822925514446,thompson_0.1
330,107,5,1.0,0.4818181818181818,0.8740340843297424,0.8354979658412731,112.78438939595753,thompson_0.1
331,88,5,1.0,0.48338368580060426,0.6390580421313428,0.7826792876157257,112.92801064144192,thompson_0.1
332,15,5,0.0,0.4819277108433735,0.41090698947406135,0.8345386209422666,113.35164227291013,thompson_0.1
333,132,5,1.0,0.48348348348348347,0.6418461224798426,0.7503694303277532,113.46016558075803,thompson_0.1
334,174,5,1.0,0.48502994011976047,0.7677142737713633,0.9223416998837586,113.61479300687043,thompson_0.1
335,111,5,1.0,0.48656716417910445,0.8533463045686084,0.9212247807504137,113.68267148305223,thompson_0.1
336,40,5,0.0,0.4851190476190476,0.1675302426895659,0.9042405190210165,114.41938175938368,thompson_0.1
337,20,5,0.0,0.4836795252225519,0.17326278630837025,0.8321855052708438,115.07830447834615,thompson_0.1
338,25,5,1.0,0.48520710059171596,0.6545595228142477,0.8844198364640283,115.30816479199594,thompson_0.1
339,84,5,0.0,0.4837758112094395,0.1756457011873361,0.8812627269182141,116.01378181772681,thompson_0.1
340,22,5,0.0,0.4823529411764706,0.35034974669517027,0.8138153191559871,116.47724739018763,thompson_0.1
341,0,5,0.0,0.4809384164222874,0.49696404763645396,0.8041529723339311,116.7844363148851,thompson_0.1
342,172,5,0.0,0.47953216374269003,0.3150286790044776,0.8996151262727186,117.36902276215334,thompson_0.1
343,60,5,1.0,0.48104956268221577,0.6074617891742323,0.7025605907124272,117.46412156369153,thompson_0.1
344,147,5,1.0,0.48255813953488375,0.6936006355833196,0.8127673044005943,117.5832882325088,thompson_0.1
345,68,5,0.0,0.4811594202898551,0.42348459065125055,0.7352015298815966,117.89500517173916,thompson_0.1
346,97,5,0.0,0.4797687861271676,0.6507912792460815,0.785155204999981,118.02936909749306,thompson_0.1
347,127,5,1.0,0.4812680115273775,0.6157156899761019,0.6257660039856855,118.03941941150265,thompson_0.1
348,81,5,0.0,0.47988505747126436,0.09579909184951853,0.8976708218635088,118.84129114151663,thompson_0.1
349,134,5,1.0,0.4813753581661891,0.6532046332973287,0.9446021687084579,119.13268867692777,thompson_0.1
350,172,5,1.0,0.4828571428571429,0.33766616750545814,0.9003729828490786,119.69539549227139,thompson_0.1
351,64,5,0.0,0.48148148148148145,0.4361634637782082,0.8203630280812187,120.0795950565744,thompson_0.1
352,183,5,1.0,0.48295454545454547,0.7676768208480927,0.8903879034448613,120.20230613917117,thompson_0.1
353,180,5,1.0,0.48441926345609065,0.868580160913993,0.8877020571720984,120.22142803542927,thompson_0.1
354,10,5,1.0,0.4858757062146893,0.5974130907989346,0.7478122679126958,120.37182721254302,thompson_0.1
355,113,5,1.0,0.48732394366197185,0.6316091779958852,0.9007605771782946,120.64097861172543,thompson_0.1
356,40,5,0.0,0.4859550561797753,0.15066272167637773,0.9089947953844774,121.39931068543353,thompson_0.1
357,26,5,0.0,0.484593837535014,0.4274468373551323,0.8464341441141577,121.81829799219256,thompson_0.1
358,112,5,1.0,0.4860335195530726,0.4507945590063192,0.8602368289667448,122.22774026215298,thompson_0.1
359,158,5,0.0,0.48467966573816157,0.7163988110898258,0.6957332405857211,122.20707469164887,thompson_0.1
360,180,5,1.0,0.4861111111111111,0.8864735540225844,0.8938930471111936,122.21449418473748,thompson_0.1
361,174,5,1.0,0.48753462603878117,0.7867449226718455,0.9189574663714836,122.34670672843711,thompson_0.1
362,189,5,1.0,0.4889502762430939,0.5370075818359951,0.9629548480589034,122.77265399466002,thompson_0.1
363,9,5,1.0,0.4903581267217631,0.6409282055827903,0.6974011205492485,122.82912690962648,thompson_0.1
364,7,5,1.0,0.49175824175824173,0.8798273717040034,0.8867888283192785,122.83608836624175,thompson_0.1
365,44,5,0.0,0.4904109589041096,0.3441279929759417,0.7034335059582707,123.19539387922408,thompson_0.1
366,63,5,0.0,0.4890710382513661,0.42911527577913683,0.9082228712224789,123.67450147466742,thompson_0.1
367,51,5,1.0,0.4904632152588556,0.8179711744947505,0.878199578266335,123.73472987843901,thompson_0.1
368,162,5,1.0,0.49184782608695654,0.7934337041570121,0.8559718285145572,123.79726800279656,thompson_0.1
369,88,5,1.0,0.4932249322493225,0.574796143221666,0.7661069024670552,123.98857876204194,thompson_0.1
370,112,5,1.0,0.4945945945945946,0.4694887821483433,0.8532422322887963,124.37233221218239,thompson_0.1
371,108,5,1.0,0.49595687331536387,0.7669589737791296,0.877264614156205,124.48263785255946,thompson_0.1
372,7,5,1.0,0.49731182795698925,0.881357582968471,0.8843661719793202,124.48564644157031,thompson_0.1
373,38,5,1.0,0.49865951742627346,0.5443000693926503,0.809333943971212,124.75068031614887,thompson_0.1
374,84,5,0.0,0.49732620320855614,0.1773086149127118,0.9057283543490485,125.4791000555852,thompson_0.1
375,163,5,1.0,0.49866666666666665,0.8938266776802265,0.9458723489233823,125.53114572682836,thompson_0.1
376,57,5,0.0,0.4973404255319149,0.168611120486658,0.9295253643015847,126.29205997064328,thompson_0.1
377,147,5,1.0,0.4986737400530504,0.7237239712503767,0.778179094715927,126.34651509410882,thompson_0.1
378,81,5,0.0,0.4973544973544973,0.10676568913813998,0.906171821128744,127.14592122609943,thompson_0.1
379,188,5,1.0,0.49868073878627966,0.7145145060161389,0.8328728181395451,127.26427953822284,thompson_0.1
380,31,5,0.0,0.49736842105263157,0.16178133393251173,0.9603519741856753,128.062850178476,thompson_0.1
381,111,5,1.0,0.49868766404199477,0.8718139245700348,0.9234117958087339,128.1144480497147,thompson_0.1
382,126,5,1.0,0.5,0.6904281047014627,0.8575248920056251,128.28154483701886,thompson_0.1
383,51,5,1.0,0.5013054830287206,0.8260264018084645,0.8670592836052686,128.32257771881567,thompson_0.1
384,90,5,1.0,0.5026041666666666,0.9025453367463756,0.8935962970021126,128.3136286790714,thompson_0.1
385,10,5,1.0,0.5038961038961038,0.6241709349578469,0.7590456928535236,128.4485034369671,thompson_0.1
386,12,5,1.0,0.5051813471502591,0.5253573494933301,0.8259340601619084,128.74908014763565,thompson_0.1
387,141,5,1.0,0.5064599483204134,0.7397286477219818,0.8669212846207771,128.87627278453445,thompson_0.1
388,181,5,0.0,0.5051546391752577,0.5764306978148258,0.6663351632616445,128.96617724998126,thompson_0.1
389,146,5,1.0,0.506426735218509,0.5163582832939125,0.8508287477254124,129.30064771441275,thompson_0.1
390,151,5,0.0,0.5051282051282051,0.1260330894630422,0.9298352319217434,130.10444985687144,thompson_0.1
391,101,5,0.0,0.5038363171355499,0.5381187579158468,0.695984510935127,130.26231560989072,thompson_0.1
392,161,5,0.0,0.5025510204081632,0.36899553070215585,0.9108429454341713,130.80416302462274,thompson_0.1
393,165,5,0.0,0.5012722646310432,0.36115746013106725,0.8552737458488626,131.29827931034055,thompson_0.1
394,55,5,1.0,0.5025380710659898,0.5579101334337897,0.6766012174413464,131.4169703943481,thompson_0.1
395,19,5,1.0,0.5037974683544304,0.6536011694017365,0.8904990064750893,131.65386823142146,thompson_0.1
396,149,5,1.0,0.5050505050505051,0.33066540597720334,0.8555012228289309,132.17870404827318,thompson_0.1
397,182,5,0.0,0.5037783375314862,0.09083140169479523,0.8647962380643621,132.95266888464275,thompson_0.1
398,112,5,0.0,0.5025125628140703,0.5162301118489154,0.8605927955645246,133.29703156835836,thompson_0.1
399,191,5,1.0,0.5037593984962406,0.4807195569792015,0.6981162057702193,133.51442821714937,thompson_0.1
400,103,5,1.0,0.505,0.6462751953629929,0.9210354304780225,133.7891884522644,thompson_0.1
